kitchen_name,oracle_code,cluster_marker,rent,city,zone,format_final,entity,status,reason_for_change,lock_in,lock_in_end_date,ops_closed,last_ops_date,last_rent_date,ll_clearance,shut_suspend_continue,dec_net_revenue,dec_ebitda,sd,sd_adjustment,sd_recovery,remarks,notice_period,remarks_2,rental_hit_till_lock_in,capex,framework,closure_phasing,hr_remarks
HSR - Arambam,CFIBLR022,5,,Bangalore,South,Restaurant,MLE,Yes,,No,,Yes,27-Feb-26,10-Apr-26,Yes,Done,"8,26,531","-4,24,004","25,00,000",0,0,LL Discussion in process,60 days,Closed,,,1,1,Employees Transferred
BOM Chembur,CFIBOM006,7,"1,21,551",Mumbai,West,Cloud,"CFI ,CZ, Olio",Yes,,No,,Yes,25-Feb-26,31-Mar-26,Yes,Done,"14,73,168","-1,61,811","4,00,000","4,17,142",0,LL Discussion in process,60 days,Closed,,,1,1,Employee Communication done
Andheri West,CFIBOM003,18,"2,64,662",Mumbai,West,Cloud,"CFI, CZ, Olio, ROW",Yes,,No,,Yes,25-Feb-26,13-Apr-26,Yes,Done,"18,75,612","-1,23,839","7,75,001","5,56,321","2,18,680",LL Discussion in process,60 days,Closed,,,1,1,Employee Communication done
BOM Fort,CFIBOM007,21,,Mumbai,West,Cloud,"CFI, CZ, Olio, ROW",Yes,,No,,Yes,25-Feb-26,10-May-26,Yes,Done,"15,83,993","-2,83,834","6,00,000","4,18,117","1,81,883",LL Discussion in process,90 days,Closed,,,1,1,Employee Communication done
BOM Lower Parel,CFIBOM010,23,,Mumbai,West,Cloud,"CFI, CZ",Yes,,Yes,01-Dec-26,No,00-Jan-00,00-Jan-00,No,Hold,"16,13,521","-3,82,929","7,00,000",0,0,Under lock-in. Negotiation with LL in process,90 days,Mail not initiated,"29,73,600",,4,4,Employee Communication done
BOM Vakola,CFIBOM018,30,"1,45,125",Mumbai,West,Cloud,CFI,Yes,,No,,Yes,25-Feb-26,10-Apr-26,Yes,Done,"11,10,930","-1,83,363","4,50,000",0,0,LL Discussion in process,60 days,Closed,,,1,1,Employee Communication done
BOM Thane West,CFIBOM017,31,"1,38,239",Mumbai,West,Cloud,CFI,Yes,,No,,Yes,25-Feb-26,30-Apr-26,Yes,Done,"21,42,307","-1,36,676","7,50,000",0,0,LL Discussion in process,60 days,Closed,,,1,1,Employee Communication done
BOM_BOR,CFIBOM020,33,"1,82,133",Mumbai,West,Cloud,CFI,Yes,,Closed,,Yes,05-Jan-26,31-Jan-26,Yes,Done,"16,58,672","-1,88,145","5,60,000","5,25,541","34,459",LL Discussion in process,60 days,Closed,,,1,,Transferred
Indiranagar Dine In ,NOMKA004,42,,Bangalore,South,Restaurant,Nomad,Yes,,Yes,05-Feb-27,Yes,31-Jan-26,28-Feb-26,Yes,Done,"13,31,633","-1,79,686","15,00,000","5,40,000","9,60,000",SD Recovery done,60 days,Closed,,,4,,
Yeshwantpur,CFIBLR031,63,,Bangalore,South,Cloud,"CFI, SB",Yes,,No,,Yes,10-May-26,15-May-26,Yes,Done,"2,45,252","-29,643","4,40,000",,"79,660",To be moved to Mathikere. No power at Mathikere.,60 days,Closed,,,,3,Communication on Hold due to Eid
Omr,SHBMAA002,83,,Chennai,South,Restaurant,"SB, Arambam",Yes,,No,,Yes,31-Mar-26,31-Mar-26,Yes,Done,"16,43,594","-2,52,324","10,00,000",,0,LL Discussion in process,30 days,Closed,,,2,3,Venkanna said not getting closed
Ggn_Paras Trinity,POMDEL002,102,"34,150",Gurgaon,North,Cloud,Olio,Yes,,Yes,31-May-26,Yes,23-Feb-26,28-Feb-26,Yes,Done,"5,78,676","-48,005","50,000","1,14,000","61,607",SD Recovery done,60 days,Closed,,,,2,Staff Merged
Salem,SHBSAL001,A191,,Salem,South,Restaurant,SB,Yes,,No,,Yes,31-Mar-26,31-May-26,Yes,,"21,21,787","-1,78,833","13,50,000",,0,LL Discussion in process,90 days,Closed,,,0,,
GGN Sector 53,CFIGGN005,111,"1,10,250",Gurgaon,North,Cloud,CFI,Yes,,No,,Yes,25-Feb-26,15-Feb-26,Yes,Done,"12,78,339","-2,30,879","3,00,000","2,27,948","72,052",SD Recovery done,60 days,Closed,,,1,1,Communication Done 
Kilpauk,CFIMAA015,A344,,Chennai,South,Takeaway,SB,Yes,,No,,Yes,31-Mar-26,31-May-26,Yes,,"7,33,781","-1,69,052","6,90,000",0,0,,90 days,Closed,,,0,,
PNQ Shivaji Nagar,CFIPNQ007,151,"1,33,706",Pune,West,Cloud,CFI,Yes,,No,,Yes,25-Feb-26,11-Apr-26,Yes,Done,"17,33,585","-1,48,635","3,30,000",0,0,LL Discussion in process,60 days,Closed,,,1,1,Employee Communication done
Klk_Mhl,CKZKOL001,163,"55,650",Kolkata,East,Cloud,CZ,Yes,,Closed,,Yes,05-Jan-26,31-Jan-26,Yes,Done,"1,61,498","-1,27,205","1,59,000","57,085","1,01,915",SD Recovery done,60 days,Closed,,,1,,
Kanakpura,CFIBLR033,175,"76,650",Bangalore,South,Cloud,"CFI, SB",Yes,,No,,Yes,31-Mar-26,15-Mar-26,Yes,SB pending,"16,05,287","-3,80,941","4,38,000",,0,LL Discussion in process,60 days,Closed,,,3,2,Active as per Govind 
Aliganj,CFILKN002,307,"61,950",Lucknow,North,Cloud,CZ,Yes,,Closed,,Yes,05-Jan-26,31-Jan-26,Yes,Done,"7,05,003","-1,19,701","1,50,000","2,12,220",0,SD Recovery done,60 days,Closed,,,1,,No communication to HRBP
PAT_SAGUNA,CKZBIH002,313,,Patna,East,Cloud,Olio,Yes,,Yes,25-Mar-26,Yes,05-Jan-26,30-Jun-26,No,Issue with LL,"4,66,891","-95,464","1,96,000",0,0,LL Discussion in process,90 days,Closed,"1,92,000",,,2,Communication done with employees
APR Bellandur,CKZBLR036,327,,Bangalore,South,Cloud,CZ,Yes,,Yes,01-Nov-26,Yes,25-Feb-26,00-Jan-00,No,-,"96,208","-1,06,407","3,25,000",0,0,LL Discussion in process,60 days,Mail not initiated,"7,00,000",,4,1,Employee Communication Done 
Basavanagudi,CKZBLR037,328,,Bangalore,South,Cloud,CZ,Yes,,Yes,16-Nov-27,Yes,25-Feb-26,00-Jan-00,No,-,"65,853","-1,44,207","4,26,000",0,0,LL Discussion in process,60 days,Mail not initiated,"21,03,350",,4,1,Employee Communication Done 
"Patiala, Punjab",CFIPUN001,1001,"61,950",Patiala,North,Cloud,CFI,Yes,,No,,Yes,10-Mar-26,30-Apr-26,No,Issue with LL,"5,89,623","-1,20,237","1,50,000",0,0,Legal Procedure implemented,60 days,Closed,,,1,2,No communication to HRBP
Katra Ahluwalia Amritsar,CFIPUN003,1003,"44,100",Amritsar,North,Cloud,CZ,Yes,,Closed,,Yes,05-Jan-26,31-Jan-26,Yes,Done,"82,734","-1,72,464","84,000","84,000",0,SD Recovery done,60 days,Closed,,,1,,No communication to HRBP
"Lashkar Naya Bazar, Gwalior",CFIMDP006,1005,"61,950",Gwalior,Central,Cloud,CZ,Yes,,Closed,,Yes,05-Jan-26,31-Jan-26,Yes,Done,"1,53,866","-1,95,792","2,00,000","1,80,720","19,280",SD Recovery done,60 days,Closed,,,1,,No communication to HRBP
Vasai Reliance Outlet,CFIBOM032,A1001,"59,000",Mumbai,West,Takeaway,Olio,Yes,,Closed,,Yes,30-Sep-25,30-Sep-25,Yes,Done,-,-,"50,000","50,000",0,SD Recovery done,-,Closed,,,1,,Communication done with employees
Virar Reliance Outlet,CFIBOM027,A1002,"59,000",Mumbai,West,Takeaway,Olio,Yes,,Closed,,Yes,30-Sep-25,30-Sep-25,Yes,Done,-,-,"50,000","50,000",0,SD Recovery done,-,Closed,,,1,,Communication done with employees
Aundh Reliance Outlet,CFIBOM030,A1003,"59,000",Pune,West,Restaurant,Olio,Yes,,Closed,,Yes,30-Sep-25,30-Sep-25,Yes,Issue with reliance,-,-,"50,000","50,000",0,SD Recovery done,-,Closed,,,1,,Communication done with employees
Pimple Gurav Reliance Outlet,CFIBOM031,A1004,"59,000",Pune,West,Restaurant,Olio,Yes,,Closed,,Yes,30-Sep-25,30-Sep-25,Yes,Issue with reliance,-,-,"50,000","50,000",0,SD Recovery done,-,Closed,,,1,,Communication done with employees
Nana Mava Rajkot,CFIGUJ001,A1005,-,Rajkot,West,Takeaway,Olio,Yes,,Closed,,Yes,30-Sep-25,30-Sep-25,Yes,Done,0,0,0,"50,000",0,SD Recovery done,-,Closed,,,,,Never opened
Kolathur,SHBMAA008,A126,,Chennai,South,Restaurant,SB,Yes,,No,,Yes,31-Mar-26,30-Apr-26,Yes,,"11,04,984","-1,33,162","9,60,000",,0,LL Discussion in process,90 days,Closed,,,0,,
Lulu Mall,ROWBLR024,A143,"1,84,385",Bangalore,South,Takeaway,ROW,Yes,,Closed,,Yes,05-Jan-26,24-Apr-26,Yes,Done,"3,26,900","-1,01,875","5,72,000","3,72,000","2,00,000",LL Discussion in process,150 days,Closed,,,1,,Employee Communication Done 
Madurai,SHBMDR001,A147,,Madurai,South,Restaurant,SB,Yes,,No,,Yes,31-Mar-26,11-May-26,Yes,,"14,97,242","-3,24,927","20,00,000",,0,LL Discussion in process,90 days,Closed,,,2,3,Communication on Hold due to Eid
Bagmane,SHBBLR019,A15,,Bangalore,South,Takeaway,SB,Yes,,Closed,,Yes,13-Dec-25,30-Nov-25,Yes,,0,0,"4,80,000","3,72,468","1,07,532",SD Recovery done,,Closed,,,,3,Employee Communication Done 
Belgaum,CFIBEL001,A1509,,Belgaum,South,Restaurant,SB,Yes,,Yes,01-Oct-29,Yes,31-Jan-26,31-Jan-26,Yes,,"15,13,765","-3,23,580","11,10,000",,0,LL Discussion in process,90 days,Closed,,,1,3,Communication on Hold due to Eid
Navi Mumbai,NOMMH011,A165,,Mumbai,West,Cloud,Nomad,Yes,,Yes,31-Mar-26,Yes,29-Mar-26,31-Mar-26,Yes,,"6,92,239","-1,65,656","1,80,000","80,000","1,00,000",LL Discussion in process,90 days,Closed,,,0,2,Employee COmmunication DOne ( Transferred and exited)
NM Road,OVNMAA017,A169,"64,896",Chennai,South,Restaurant,OF,Yes,,Closed,,Yes,10-Jan-26,31-Jan-26,Yes,,-,-,"3,00,000","1,11,400","2,14,517",SD Recovery done,30 days,Closed,,,,,
Perambur,,A177,,Chennai,South,Restaurant,SB,Yes,,Yes,31-May-26,Yes,31-Jan-26,31-Dec-25,Yes,,"9,26,023","-2,15,730","8,10,000","3,61,600",0,LL Discussion in process,30 days,Closed,,,4,3,Communication on Hold due to Eid
Trichy,,A1965,,Trichy,South,Restaurant,SB,Yes,,No,,Yes,31-Mar-26,11-May-26,Yes,,"16,27,533","-2,89,140","11,10,000",0,0,LL Discussion in process,90 days,Closed,,,2,3,Communication on Hold due to Eid
Perambur,CFIMAA011,A2000,"94,400",Chennai,South,Restaurant,"Olio, KK",Yes,,No,,Yes,30-Mar-26,31-Mar-26,Yes,Done,0,0,"4,80,000","1,54,400","3,25,600",SD Recovery done,30 days,Closed,,,,2,Communication Done
Shoolagiri,FZBMAA012,A203,,Shoolagiri,South,Takeaway,FB,Yes,,No,,Yes,31-Dec-25,31-Dec-25,Yes,,"1,58,058","-13,039",0,0,0,SD Recovery done,-,Closed,,,,,
Bom_Tardeo,JUNBOM001,A211,"1,86,668",Mumbai,West,Cloud,CFI,Yes,,No,,Yes,25-Feb-26,30-Apr-26,Yes,Done,"6,09,985","-3,61,622","7,40,000",0,0,LL Discussion in process,60 days,Closed,,,1,1,No Communication to HRBP
Kota,CFIKOT001,A252,"29,400",Kota,North,Takeaway,Olio,Yes,,Closed,,Yes,05-Jan-26,31-Jan-26,Yes,Done,"3,37,170","-1,41,510","80,000","80,000",0,SD Recovery done,60 days,Closed,,,1,,Communication done with employees
Kanakpura Forum Mall,,A253,,Bangalore,South,Takeaway,SB,Yes,,Closed,,Yes,13-Dec-25,13-Dec-25,Yes,,0,"-5,79,632","21,00,000","6,19,215","14,80,785",SD Recovery done,-,Closed,,,1,3,Communication on Hold due to Eid
Olio Vellore,CFIMAA012,A262,"57,750",Vellore,South,Restaurant,Olio,Yes,,No,,Yes,21-Mar-26,30-Apr-26,Yes,Done,"2,90,747","-1,35,366","2,60,000","1,35,500",0,LL Discussion in process,60 days,Closed,,,1,2,Employees will be transferred to Chennai 
Mathikere,,A340,,Bangalore,South,Cloud,SB,Yes,,Yes,15-Dec-26,Yes,31-Jan-26,31-Jan-26,Yes,,"1,93,363","-2,05,806","5,40,000","5,40,000",0,SD Recovery done,60 days,Closed,,,4,3,Communication on Hold due to Eid
Ambattur,,A341,,Chennai,South,Cloud,SB,Yes,,No,,Yes,31-Mar-26,11-May-26,Yes,,"4,63,323","-3,05,817","2,25,000",,0,LL Discussion in process,90 days,Closed,,,3,3,Communication on Hold due to Eid
Ullal,,A348,,Ullal,South,Restaurant,SB,Yes,,Yes,01-Aug-26,Yes,31-Mar-26,31-Oct-26,No,,"12,12,370","-3,80,903","6,99,000",,"-5,00,000",LL Discussion in process,90 days,Closed,,,4,3,Communication on Hold due to Eid
Basweswara nagar -Arambam,,A350,,Bangalore,South,Restaurant,MLE,Yes,,Closed,,Yes,05-Jan-26,31-Jan-26,Yes,Done,"10,28,253","-2,38,537","15,00,000","9,70,300","5,29,700",SD Recovery done,-,Closed,,,1,,Employees Transferred
BLR HRX EGL,HRX EGL,A40,"58,543",Bangalore,South,Takeaway,CFI,Yes,,Closed,,Yes,05-Jan-26,31-Jan-26,Yes,Done,"2,67,607","-1,43,990","3,60,000","1,17,086","62,914",LL Discussion in process,60 days,Closed,,,1,,Employee Communication Done 
Avadi,,A42,,Chennai,South,Restaurant,SB,Yes,,No,,Yes,31-Mar-26,11-May-26,Yes,,"8,84,574","-3,51,423","9,60,000",,0,LL Discussion in process,45 days,Closed,,,1,3,Communication on Hold due to Eid
Kasargod,SHBKL002,A4326,,Kasargod,South,Restaurant,SB,Yes,,Yes,19-Sep-26,Yes,31-Jan-26,31-Mar-26,Yes,,"5,10,585","-2,47,151","12,00,000","12,00,000",0,SD Recovery done,-,Closed,,,4,3,Communication on Hold due to Eid
BOM HRX Palladium,HRXBOM001,A45,,Mumbai,West,Takeaway,CFI,Yes,,Yes,31-Dec-26,No,31-Aug-26,31-Aug-26,No,,"2,67,838","-3,51,248","17,15,520",0,0,To be closed after June'26,180 days,Mail not initiated,,,0,4,
DLF Bannerghatta Road,ROWBLR008,A67,"24,150",Bangalore,South,Cloud,ROW,Yes,,Closed,,Yes,30-Nov-25,31-Aug-25,Yes,Done,-,-,"1,50,000","1,50,000",0,SD Recovery done,60 days,Closed,,,1,,Employee Communication Done 
BLR ROW EGL,ROWBLR018,A72,"58,543",Bangalore,South,Takeaway,CFI,Yes,,Closed,,Yes,05-Jan-26,31-Jan-26,Yes,Done,-,-,"1,80,000","1,17,086","62,914",LL Discussion in process,60 days,Closed,,,,,Employee Communication Done 
Erode,SHBERD001,A73,,Erode,South,Restaurant,SB,Yes,,No,,Yes,31-Mar-26,11-May-26,Yes,,"16,52,630","-2,22,806","13,50,000",,0,LL Discussion in process,90 days,Closed,,,2,3,Communication on Hold due to Eid
BOM_BOSAIR,CFIBOM028,A7804,"59,000",Mumbai,West,Takeaway,Olio,Yes,,Closed,,Yes,30-Sep-25,30-Sep-25,Yes,Done,-,-,"50,000","50,000",0,SD Recovery done,-,Closed,,,1,,Communication done with employees
Colaba,NOMMH015,A80,,Mumbai,West,Cloud,Nomad,Yes,,No,,Yes,07-Feb-26,28-Feb-26,Yes,,"9,03,081","-22,369","3,75,000","3,15,000","60,000",LL Discussion in process,30 days,Closed,,,,,Employee COmmunication DOne ( Transferred and exited)
Vellore,CFIMAA012,A83,,Vellore,South,Restaurant,SB,Yes,,No,,Yes,31-Mar-26,11-May-26,Yes,,"11,93,267","-3,46,953","14,40,000",,0,LL Discussion in process,90 days,Closed,,,2,3,Communication on Hold due to Eid
HBR (Kammanahalli),CFIBLR035,A91,,Bangalore,South,Cloud,MLE,Yes,,Yes,31-Mar-26,Yes,05-Apr-26,15-May-26,Yes,,"10,07,602","-3,41,896","11,00,000",0,0,To be moved to Banaswadi. Maintenance work in progress at Banaswadi,60 days,Closed,,,4,1,Employees Transferred
Indiranagar - Arambam,,A91000,,Bangalore,South,Cloud,"Arambam, FB",Yes,,Closed,,Yes,31-Dec-25,31-Jan-26,Yes,Done,"10,28,870","-1,52,961","10,00,000",TBD,0,LL Discussion in process,-,Closed,,,1,,"Employees Transferred to  Hellur ( Cloud Kitchen is working , Offline store closed)"
Ooty,SHBOTY001,A174,,Ooty,South,Restaurant,SB,Yes,,No,,Yes,31-Mar-26,31-Mar-26,Yes,,"17,92,755","37,411","10,00,000",,0,LL Discussion in process,30 days,Closed,,,,,
KK CLOUD KITCHEN RAJOURI GARDEN DELHI,KKCFDEL16,KK311,,Delhi,North,Cloud,KK,Yes,,No,,Yes,30-Mar-26,31-Mar-26,Yes,,"1,28,368","-14,776",0,0,0,SD Recovery done,60 days,Closed,,,,2,Employee COmmunication DOne ( Transferred and exited)
Yemlur,CKZBLR034,Not live,"65,000",Bangalore,South,Cloud,"Olio, CZ",Yes,,Yes,25-Oct-26,Yes,25-Feb-26,31-Mar-26,Yes,-,,,"3,00,000",0,0,LL Discussion in process,60 days,Mail initiated,"7,70,000",,,2,Never opened
Brookefield,CFIBLR028,41,,Bangalore,South,Cloud,"CFI, CZ, KK, Olio, ROW, ME",Yes,,No,,Yes,10-May-26,08-Jun-26,Yes,,,,"6,00,000",0,0,LL Discussion in process,60 days,Mail initiated,,,,,
Magarpatta,CFIPNQ004,149,,Pune,West,Cloud,"CFI, CZ, Olio, ROW, ME",Yes,Movement,No,,Yes,20-May-26,15-Jun-26,Yes,,,,"3,20,000",0,0,LL Discussion in process,60 days,Mail initiated,,,,,
Okhla,CFIDEL003,93,,Delhi,North,Cloud,"CFI, CZ, KK, Olio",Yes,,No,,Yes,20-May-26,31-May-26,Yes,,,,"3,24,000",0,0,LL Discussion in process,60 days,Mail initiated,,,,,
Uppal,CFIHYD013,121,,Hyderabad,South,Cloud,"CFI, CZ, Olio, ROW",Yes,,Yes,01-Jun-26,Yes,25-May-26,17-Jun-26,Yes,,,,"3,50,000",0,0,,60 days,Mail initiated,,,,,
Fort Cochin,CFIKER005,323,,Cochin,South,Cloud,Olio,Yes,,Yes,05-Jul-26,Yes,15-Apr-26,00-Jan-00,No,,,,"2,00,000",0,0,,60 days,Closed,,,,,
CZ KPHB,CKZHYD006,A135,,Hyderabad,South,Cloud,"CZ, KK",Yes,,No,,Yes,30-May-26,30-Jun-26,Yes,,,,"1,90,000",0,0,,60 days,Mail initiated,,,,,
Connaught Place,CFIDEL014,A63,,Delhi,North,Cloud,CFI,Yes,,No,,Yes,20-May-26,17-Jun-26,Yes,,,,"2,20,000",0,0,,60 days,Mail initiated,,,,,
GGL,ROWBLR020,8,,Bangalore,South,Takeaway,"ROW, Olio, KK",Yes,,No,,Yes,16-Apr-26,31-May-26,Yes,,,,"3,00,000","1,98,391","1,01,609",,60 days,Closed,,,,,
ROW Jayanagar,ROWBLR007,A108,,Bangalore,South,Cloud,ROW,Yes,,No,,No,15-Jun-26,30-Jun-26,Yes,,,,"3,48,000",0,0,,60 days,Mail initiated,,,,,
ROW Indiranagar,ROWBLR013,A105,,Bangalore,South,Cloud,ROW,Yes,,No,,Yes,23-Apr-26,31-May-26,Yes,,,,"2,50,000","1,30,000","1,20,000",,60 days,Closed,,,,,
ROW Cunningham Road,ROWBLR003,A61,,Bangalore,South,Takeaway,ROW,Yes,,No,,Yes,30-May-26,31-May-26,Yes,,,,"4,00,000","3,10,504","89,496",,60 days,Mail initiated,,,,,
RR Nagar,SHBBLR010,A187,,Bangalore,South,Restaurant,SB,Yes,,No,,Yes,31-Mar-26,31-May-26,Yes,,,,,,0,,60 days,Closed,,,,,
